<?xml version="1.0" encoding="UTF-8"?>
<!--
   Copyright (c) 2016, WSO2 Inc. (http://www.wso2.org) All Rights Reserved.
   WSO2 Inc. licenses this file to you under the Apache License,
   Version 2.0 (the "License"); you may not use this file except
   in compliance with the License.
   You may obtain a copy of the License at

   http://www.apache.org/licenses/LICENSE-2.0

   Unless required by applicable law or agreed to in writing,
   software distributed under the License is distributed on an
   "AS IS" BASIS, WITHOUT WARRANTIES OR CONDITIONS OF ANY
   KIND, either express or implied.  See the License for the
   specific language governing permissions and limitations
   under the License.
-->
<template name="searchSuggestedQueries" xmlns="http://ws.apache.org/ns/synapse">
    <parameter name="searchString" description="The SOQL query to execute the search"/>
    <parameter name="language" description="The language of the query"/>
    <parameter name="channel" description="The Salesforce Knowledge channel where the article can be viewed. Valid values are AllChannels, App, Pkb, Csp, Prm. If channel isn’t specified, the default value is determined by the type of user."/>
    <parameter name="limit" description="The maximum number of suggested searches to return. If there are more suggested queries than the limit specified, the response body’s hasMoreResults property is true."/>
    <sequence>
        <property name="queryParams" value=""/>
        <filter source="boolean($func:channel)" regex="true">
            <then>
                <property name="queryParams" expression="fn:concat($ctx:queryParams, '&amp;', 'channel=', $func:channel)"/>
            </then>
            <else/>
        </filter>
        <filter source="boolean($func:limit)" regex="true">
            <then>
                <property name="queryParams" expression="fn:concat($ctx:queryParams, '&amp;', 'limit=', $func:limit)"/>
            </then>
            <else/>
        </filter>
        <filter source="boolean($ctx:queryParams)" regex="true">
            <then>
                <property name="uri.var.callEndpointUri" expression="fn:concat($ctx:uri.var.apiUrl, '/services/data/', $ctx:uri.var.apiVersion, '/search/suggestSearchQueries/?q=', $func:searchString, '&amp;language=', $func:language, $ctx:queryParams)"/>
            </then>
            <else>
                <property name="uri.var.callEndpointUri" expression="fn:concat($ctx:uri.var.apiUrl, '/services/data/', $ctx:uri.var.apiVersion, '/search/suggestSearchQueries/?q=', $func:searchString, '&amp;language=', $func:language)"/>
            </else>
        </filter>
        <property name="httpMethod" value="get"/>
        <salesforcerest.callWithRetry/>
    </sequence>
</template>