{
  "connectorName": "salesforcerest",
  "operationName": "addOrUpdateTranslatedValueOfMultipleSurveyFieldsInOneOrMoreLanguages",
  "title": "Add Or Update Translated Value Of Multiple Survey Fields in One Or More Languages",
  "help": "<h1>Add Or Update Translated Value Of Multiple Survey Fields in One Or More Languages</h1> <b>If one or more survey fields can be translated or are already translated, adds or updates the translated values of the survey fields in the languages into which survey fields can be translated.</b><br><br><ul><li><a href=\"https://ei.docs.wso2.com/en/latest/micro-integrator/references/connectors/salesforce-rest-connector/sf-rest-connector-config/\"> More Help </a></li></ul>",
  "elements": [
    {
      "type": "attributeGroup",
      "value": {
        "groupName": "General",
        "elements": [
          {
            "type": "attribute",
            "value": {
              "name": "configRef",
              "displayName": "Connection",
              "inputType": "connection",
              "allowedConnectionTypes": [
                "init"
              ],
              "defaultValue": "",
              "required": "true",
              "helpTip": "Connection to be used"
            }
          },
          {
            "type": "attributeGroup",
            "value": {
              "groupName": "Basic",
              "elements": [
                {
                  "type": "attribute",
                  "value": {
                    "displayName": "Field and Value",
                    "defaultValue": "",
                    "name": "fieldAndValue",
                    "inputType": "stringOrExpression",
                    "helpTip": "",
                    "required": "true"
                  }
                }
              ]
            }
          }
        ]
      }
    }
  ]
}
