{
  "connectorName": "salesforcerest",
  "operationName": "deleteUsingExternalId",
  "title": "Delete Using External ID",
  "help": "<h1>Delete Using External ID</h1> <b>Deleting a record based on the value of the specified external ID field.</b><br><br><ul><li><a href=\"https://ei.docs.wso2.com/en/latest/micro-integrator/references/connectors/salesforce-rest-connector/sf-rest-connector-config/\"> More Help </a></li></ul>",
  "elements": [
    {
      "type": "attributeGroup",
      "value": {
        "groupName": "General",
        "elements": [
          {
            "type": "attribute",
            "value": {
              "name": "configRef",
              "displayName": "Connection",
              "inputType": "connection",
              "allowedConnectionTypes": [
                "init"
              ],
              "defaultValue": "",
              "required": "true",
              "helpTip": "Connection to be used"
            }
          },
          {
            "type": "attributeGroup",
            "value": {
              "groupName": "Basic",
              "elements": [
                {
                  "type": "attribute",
                  "value": {
                    "displayName": "Custom Object",
                    "defaultValue": "",
                    "name": "customObject",
                    "inputType": "stringOrExpression",
                    "helpTip": "The type of the custom object",
                    "required": "true"
                  }
                },
                {
                  "type": "attribute",
                  "value": {
                    "displayName": "External Id Field",
                    "defaultValue": "",
                    "name": "externalIdField",
                    "inputType": "stringOrExpression",
                    "helpTip": "Specific object ID to access the record.",
                    "required": "true"
                  }
                },
                {
                  "type": "attribute",
                  "value": {
                    "displayName": "External Id Field Value",
                    "defaultValue": "",
                    "name": "externalIdFieldValue",
                    "inputType": "stringOrExpression",
                    "helpTip": "The value of the ExternalIdField",
                    "required": "true"
                  }
                }
              ]
            }
          }
        ]
      }
    }
  ]
}
