{
  "connectorName": "salesforcerest",
  "operationName": "embeddedServiceConfig",
  "title": "Embedded Service Config",
  "help": "<h1>Embedded Service Config</h1> <b>Retrieves the values for your Embedded Service deployment configuration, including the branding colors, font, and site URL.</b><br><br><ul><li><a href=\"https://ei.docs.wso2.com/en/latest/micro-integrator/references/connectors/salesforce-rest-connector/sf-rest-connector-config/\"> More Help </a></li></ul>",
  "elements": [
    {
      "type": "attributeGroup",
      "value": {
        "groupName": "General",
        "elements": [
          {
            "type": "attribute",
            "value": {
              "name": "configRef",
              "displayName": "Connection",
              "inputType": "connection",
              "allowedConnectionTypes": [
                "init"
              ],
              "defaultValue": "",
              "required": "true",
              "helpTip": "Connection to be used"
            }
          },
          {
            "type": "attributeGroup",
            "value": {
              "groupName": "Basic",
              "elements": [
                {
                  "type": "attribute",
                  "value": {
                    "displayName": "Embedded Service Config Developer Name",
                    "defaultValue": "",
                    "name": "embeddedServiceConfigDeveloperName",
                    "inputType": "stringOrExpression",
                    "helpTip": "The name of the embedded service config developer.",
                    "required": "true"
                  }
                }
              ]
            }
          }
        ]
      }
    }
  ]
}
