{
  "connectorName": "salesforcerest",
  "operationName": "getArticleDetails",
  "title": "Get Article Details",
  "help": "<h1>Get Article Details</h1> <b>Retrieves all online article fields, accessible to the user.</b><br><br><ul><li><a href=\"https://ei.docs.wso2.com/en/latest/micro-integrator/references/connectors/salesforce-rest-connector/sf-rest-connector-config/\"> More Help </a></li></ul>",
  "elements": [
    {
      "type": "attributeGroup",
      "value": {
        "groupName": "General",
        "elements": [
          {
            "type": "attribute",
            "value": {
              "name": "configRef",
              "displayName": "Connection",
              "inputType": "connection",
              "allowedConnectionTypes": [
                "init"
              ],
              "defaultValue": "",
              "required": "true",
              "helpTip": "Connection to be used"
            }
          },
          {
            "type": "attributeGroup",
            "value": {
              "groupName": "Basic",
              "elements": [
                {
                  "type": "attribute",
                  "value": {
                    "displayName": "Article Id or Article Url Name",
                    "defaultValue": "",
                    "name": "articleId_or_articleUrlName",
                    "inputType": "stringOrExpression",
                    "helpTip": "The Id or the URL name of the article.",
                    "required": "true"
                  }
                },
                {
                  "type": "attribute",
                  "value": {
                    "displayName": "Channel",
                    "defaultValue": "",
                    "name": "channel",
                    "inputType": "stringOrExpression",
                    "helpTip": "The value of the channel. Defaults to user's context",
                    "required": "false"
                  }
                },
                {
                  "type": "attribute",
                  "value": {
                    "displayName": "Update View Stat",
                    "defaultValue": "",
                    "name": "updateViewStat",
                    "inputType": "stringOrExpression",
                    "helpTip": "A boolean value. If true, API updates the view count in the given channel as well as the total view count. Defaults to true.",
                    "required": "false"
                  }
                },
                {
                  "type": "attribute",
                  "value": {
                    "displayName": "Is a Ur lName",
                    "defaultValue": "",
                    "name": "isUrlName",
                    "inputType": "stringOrExpression",
                    "helpTip": "A boolean value. If true, indicates that the last portion of the endpoint is a URL name instead of an article ID. Defaults to false.",
                    "required": "false"
                  }
                }
              ]
            }
          }
        ]
      }
    }
  ]
}
