{
  "connectorName": "salesforcerest",
  "operationName": "getSObjectRichTextImage",
  "title": "Get sObject Rich Text Image",
  "help": "<h1>Get sObject Rich Text Image</h1> <b>Retrieves the specified blob field from an individual record and returns it as binary data.</b><br><br><ul><li><a href=\"https://ei.docs.wso2.com/en/latest/micro-integrator/references/connectors/salesforce-rest-connector/sf-rest-connector-config/\"> More Help </a></li></ul>",
  "elements": [
    {
      "type": "attributeGroup",
      "value": {
        "groupName": "General",
        "elements": [
          {
            "type": "attribute",
            "value": {
              "name": "configRef",
              "displayName": "Connection",
              "inputType": "connection",
              "allowedConnectionTypes": [
                "init"
              ],
              "defaultValue": "",
              "required": "true",
              "helpTip": "Connection to be used"
            }
          },
          {
            "type": "attributeGroup",
            "value": {
              "groupName": "Basic",
              "elements": [
                {
                  "type": "attribute",
                  "value": {
                    "name": "sObjectName",
                    "displayName": "sObject Name",
                    "inputType": "stringOrExpression",
                    "defaultValue": "",
                    "required": "true",
                    "helpTip": "The name of the standard object of the record"
                  }
                },
                {
                  "type": "attribute",
                  "value": {
                    "name": "id",
                    "displayName": "sObject ID",
                    "inputType": "stringOrExpression",
                    "defaultValue": "",
                    "required": "true",
                    "helpTip": "The Id of the sObject"
                  }
                },
                {
                  "type": "attribute",
                  "value": {
                    "name": "fieldName",
                    "displayName": "Field name",
                    "inputType": "stringOrExpression",
                    "defaultValue": "",
                    "required": "true",
                    "helpTip": "The name of the rich text area field"
                  }
                },
                {
                  "type": "attribute",
                  "value": {
                    "name": "contentReferenceId",
                    "displayName": "Content Reference Id",
                    "inputType": "stringOrExpression",
                    "defaultValue": "",
                    "required": "true",
                    "helpTip": "The reference ID that uniquely identifies an image within a rich text area field"
                  }
                }
              ]
            }
          }
        ]
      }
    }
  ]
}
