{
  "connectorName": "salesforcerest",
  "operationName": "getTranslatedValueOfSurveyField",
  "title": "Get Translated Value of Survey Field",
  "help": "<h1>Get Translated Value of Survey Field</h1> <b>Retrieves the translated value of the survey field after a survey field is translated into a particular language.</b><br><br><ul><li><a href=\"https://ei.docs.wso2.com/en/latest/micro-integrator/references/connectors/salesforce-rest-connector/sf-rest-connector-config/\"> More Help </a></li></ul>",
  "elements": [
    {
      "type": "attributeGroup",
      "value": {
        "groupName": "General",
        "elements": [
          {
            "type": "attribute",
            "value": {
              "name": "configRef",
              "displayName": "Connection",
              "inputType": "connection",
              "allowedConnectionTypes": [
                "init"
              ],
              "defaultValue": "",
              "required": "true",
              "helpTip": "Connection to be used"
            }
          },
          {
            "type": "attributeGroup",
            "value": {
              "groupName": "Basic",
              "elements": [
                {
                  "type": "attribute",
                  "value": {
                    "displayName": "Developer Name",
                    "defaultValue": "",
                    "name": "developerName",
                    "inputType": "stringOrExpression",
                    "helpTip": "The developer name of the flow field.",
                    "required": "true"
                  }
                },
                {
                  "type": "attribute",
                  "value": {
                    "displayName": "Language",
                    "defaultValue": "",
                    "name": "language",
                    "inputType": "stringOrExpression",
                    "helpTip": "Language of the translated field. Possible values are da, nl_NL, fi, fr, de.",
                    "required": "true"
                  }
                }
              ]
            }
          }
        ]
      }
    }
  ]
}
