{
  "connectorName": "salesforcerest",
  "operationName": "getUserPasswordExpirationStatus",
  "title": "Get User Password Expiration Status",
  "help": "<h1>Get User Password Expiration Status</h1> <b>Gets a user's password expiration status based on the specified user ID</b><br><br><ul><li><a href=\"https://ei.docs.wso2.com/en/latest/micro-integrator/references/connectors/salesforce-rest-connector/sf-rest-connector-config/\"> More Help </a></li></ul>",
  "elements": [
    {
      "type": "attributeGroup",
      "value": {
        "groupName": "General",
        "elements": [
          {
            "type": "attribute",
            "value": {
              "name": "configRef",
              "displayName": "Connection",
              "inputType": "connection",
              "allowedConnectionTypes": [
                "init"
              ],
              "defaultValue": "",
              "required": "true",
              "helpTip": "Connection to be used"
            }
          },
          {
            "type": "attributeGroup",
            "value": {
              "groupName": "Basic",
              "elements": [
                {
                  "type": "attribute",
                  "value": {
                    "displayName": "User Id",
                    "defaultValue": "",
                    "name": "userId",
                    "inputType": "stringOrExpression",
                    "helpTip": "The Id of the user",
                    "required": "true"
                  }
                }
              ]
            }
          }
        ]
      }
    }
  ]
}
