{
  "connectorName": "salesforcerest",
  "operationName": "returnHeadersForSObjectAction",
  "title": "Return Headers for sObject Action",
  "help": "<h1>Headers for sObject Action</h1> <b>Returns only the headers that are returned by the sObjectAction operation</b><br><br><ul><li><a href=\"https://ei.docs.wso2.com/en/latest/micro-integrator/references/connectors/salesforce-rest-connector/sf-rest-connector-config/\"> More Help </a></li></ul>",
  "elements": [
    {
      "type": "attributeGroup",
      "value": {
        "groupName": "General",
        "elements": [
          {
            "type": "attribute",
            "value": {
              "name": "configRef",
              "displayName": "Connection",
              "inputType": "connection",
              "allowedConnectionTypes": [
                "init"
              ],
              "defaultValue": "",
              "required": "true",
              "helpTip": "Connection to be used"
            }
          },
          {
            "type": "attributeGroup",
            "value": {
              "groupName": "Basic",
              "elements": [
                {
                  "type": "attribute",
                  "value": {
                    "displayName": "sObject Name",
                    "defaultValue": "",
                    "name": "sObjectName",
                    "inputType": "stringOrExpression",
                    "helpTip": "The type of sObject",
                    "required": "true"
                  }
                }
              ]
            }
          }
        ]
      }
    }
  ]
}
