{
  "connectorName": "salesforcerest",
  "operationName": "updateUsingRelationships",
  "title": "Update Using Relationships",
  "help": "<h1>Update Using Relationships</h1> <b>Updates a parent record based on the specified object, record ID, and relationship field name.</b><br><br><ul><li><a href=\"https://ei.docs.wso2.com/en/latest/micro-integrator/references/connectors/salesforce-rest-connector/sf-rest-connector-config/\"> More Help </a></li></ul>",
  "elements": [
    {
      "type": "attributeGroup",
      "value": {
        "groupName": "General",
        "elements": [
          {
            "type": "attribute",
            "value": {
              "name": "configRef",
              "displayName": "Connection",
              "inputType": "connection",
              "allowedConnectionTypes": [
                "init"
              ],
              "defaultValue": "",
              "required": "true",
              "helpTip": "Connection to be used"
            }
          },
          {
            "type": "attributeGroup",
            "value": {
              "groupName": "Basic",
              "elements": [
                {
                  "type": "attribute",
                  "value": {
                    "displayName": "sObject Name",
                    "defaultValue": "",
                    "name": "sObjectName",
                    "inputType": "stringOrExpression",
                    "helpTip": "The name of the object",
                    "required": "true"
                  }
                },
                {
                  "type": "attribute",
                  "value": {
                    "displayName": "Id",
                    "defaultValue": "",
                    "name": "id",
                    "inputType": "stringOrExpression",
                    "helpTip": "The identifier of the record",
                    "required": "true"
                  }
                },
                {
                  "type": "attribute",
                  "value": {
                    "displayName": "Relationship Field Name",
                    "defaultValue": "",
                    "name": "relationshipFieldName",
                    "inputType": "stringOrExpression",
                    "helpTip": "The name of the field that contains the relationship",
                    "required": "true"
                  }
                },
                {
                  "type": "attribute",
                  "value": {
                    "displayName": "Field And Value",
                    "defaultValue": "",
                    "name": "fieldAndValue",
                    "inputType": "stringOrExpression",
                    "helpTip": "The value of the field of a particular sObject",
                    "required": "true"
                  }
                }
              ]
            }
          }
        ]
      }
    }
  ]
}
