{
  "connectorName": "salesforcerest",
  "operationName": "viewRelevantItems",
  "title": "View Relevant Items",
  "help": "<h1>View Relevant Items</h1> <b>Retrieves the current user’s most relevant items that include up to 50 of the most recently viewed or updated records for each object in the user’s global search scope.</b><br><br><ul><li><a href=\"https://ei.docs.wso2.com/en/latest/micro-integrator/references/connectors/salesforce-rest-connector/sf-rest-connector-config/\"> More Help </a></li></ul>",
  "elements": [
    {
      "type": "attributeGroup",
      "value": {
        "groupName": "General",
        "elements": [
          {
            "type": "attribute",
            "value": {
              "name": "configRef",
              "displayName": "Connection",
              "inputType": "connection",
              "allowedConnectionTypes": [
                "init"
              ],
              "defaultValue": "",
              "required": "true",
              "helpTip": "Connection to be used"
            }
          },
          {
            "type": "attributeGroup",
            "value": {
              "groupName": "Basic",
              "elements": [
                {
                  "type": "attribute",
                  "value": {
                    "displayName": "Last Updated Id",
                    "defaultValue": "",
                    "name": "lastUpdatedId",
                    "inputType": "stringOrExpression",
                    "helpTip": "The last updated Id. It compares the entire current list of relevant items to a previous version, if available.",
                    "required": "false"
                  }
                },
                {
                  "type": "attribute",
                  "value": {
                    "displayName": "SObjects",
                    "defaultValue": "",
                    "name": "sobjects",
                    "inputType": "stringOrExpression",
                    "helpTip": "The name for one or more sObjects to scope the results to a particular object or set of objects.",
                    "required": "false"
                  }
                },
                {
                  "type": "attribute",
                  "value": {
                    "displayName": "Name of Last Updated Id Param per sObject",
                    "defaultValue": "",
                    "name": "nameOfLastUpdatedIdParamPerSObject",
                    "inputType": "stringOrExpression",
                    "helpTip": "The parameter name of the last updated id for a particular object in the format of sobject.lastUpdatedId. Ex: Account.lastUpdatedId",
                    "required": "false"
                  }
                },
                {
                  "type": "attribute",
                  "value": {
                    "displayName": "Value of Last Updated Id Param per sObject",
                    "defaultValue": "",
                    "name": "valueOfLastUpdatedIdParamPerSObject",
                    "inputType": "stringOrExpression",
                    "helpTip": "The value of the last updated id for a particular object parameter.",
                    "required": "false"
                  }
                }
              ]
            }
          }
        ]
      }
    }
  ]
}
