<?xml version="1.0" encoding="UTF-8"?>
<!--
   Copyright (c) 2023, WSO2 LLC (http://www.wso2.com) All Rights Reserved.

   WSO2 LLC licenses this file to you under the Apache License,
   Version 2.0 (the "License"); you may not use this file except
   in compliance with the License.
   You may obtain a copy of the License at

   http://www.apache.org/licenses/LICENSE-2.0

   Unless required by applicable law or agreed to in writing,
   software distributed under the License is distributed on an
   "AS IS" BASIS, WITHOUT WARRANTIES OR CONDITIONS OF ANY
   KIND, either express or implied. See the License for the
   specific language governing permissions and limitations
   under the License.
-->
<component name="salesforcerest-scheduling" type="synapse/template">
    <subComponents>
        <component name="listSchedulerRESTResourcesAndURIs">
            <file>listSchedulerRESTResourcesAndURIs.xml</file>
            <description>
                Retrieves a list of available Salesforce Scheduler REST resources and corresponding URIs.
            </description>
        </component>
        <component name="listAppointmentSlots">
            <file>listAppointmentSlots.xml</file>
            <description>
                Retrieves a list of available appointment time slots for a resource based on given work type group or
                work type and service territories.
            </description>
        </component>
        <component name="listAppointmentCandidates">
            <file>listAppointmentCandidates.xml</file>
            <description>
                Retrieves a list of service resources (appointment candidates) based on work type group or
                work type and service territories.
            </description>
        </component>
    </subComponents>
</component>
