<?xml version="1.0" encoding="UTF-8"?>
<!--
   Copyright (c) 2023, WSO2 LLC (http://www.wso2.com) All Rights Reserved.

   WSO2 LLC licenses this file to you under the Apache License,
   Version 2.0 (the "License"); you may not use this file except
   in compliance with the License.
   You may obtain a copy of the License at

   http://www.apache.org/licenses/LICENSE-2.0

   Unless required by applicable law or agreed to in writing,
   software distributed under the License is distributed on an
   "AS IS" BASIS, WITHOUT WARRANTIES OR CONDITIONS OF ANY
   KIND, either express or implied. See the License for the
   specific language governing permissions and limitations
   under the License.
-->
<template name="getDefaultValueOfActionById" xmlns="http://ws.apache.org/ns/synapse">
    <parameter name="sObjectName" description="The type of sObject."/>
    <parameter name="actionName" description="The specific action name to retrieve the action."/>
    <parameter name="contextId" description="The specific context id to retrieve the default values of an action."/>
    <sequence>
        <property name="uri.var.callEndpointUri" expression="fn:concat($ctx:uri.var.apiUrl,'/services/data/',$ctx:uri.var.apiVersion, '/sobjects/', $func:sObjectName, '/quickActions/', $func:actionName, '/defaultValues/', $func:contextId)"/>
        <property name="httpMethod" value="get"/>
        <salesforcerest.callWithRetry/>
    </sequence>
</template>
