<?xml version="1.0" encoding="UTF-8"?>
<!--
   Copyright (c) 2016, WSO2 Inc. (http://www.wso2.org) All Rights Reserved.

   WSO2 Inc. licenses this file to you under the Apache License,
   Version 2.0 (the "License"); you may not use this file except
   in compliance with the License.
   You may obtain a copy of the License at

   http://www.apache.org/licenses/LICENSE-2.0

   Unless required by applicable law or agreed to in writing,
   software distributed under the License is distributed on an
   "AS IS" BASIS, WITHOUT WARRANTIES OR CONDITIONS OF ANY
   KIND, either express or implied. See the License for the
   specific language governing permissions and limitations
   under the License.
-->
<component name="salesforcerest-processrules" type="synapse/template">
    <subComponents>
        <component name="listProcessRules">
            <file>listProcessRules.xml</file>
            <description>Get the List of Process Rules.</description>
        </component>
        <component name="getSpecificProcessRule">
            <file>getSpecificProcessRule.xml</file>
            <description>get the metadata for a specific sObject Process rule</description>
        </component>
        <component name="getSpecificProcessRuleList">
            <file>getSpecificProcessRuleList.xml</file>
            <description>Gets all active workflow rules for an sObject.</description>
        </component>
        <component name="returnHeadersForProcessRules">
            <file>returnHeadersForProcessRules.xml</file>
            <description>
                Returns only the headers that are returned by the listProcessRules operation.
            </description>
        </component>
        <component name="returnHeadersForSpecificProcessRule">
            <file>returnHeadersForSpecificProcessRule.xml</file>
            <description>
                Returns only the headers that are returned by the getSpecificProcessRule operation.
            </description>
        </component>
        <component name="returnHeadersForSpecificProcessRuleList">
            <file>returnHeadersForSpecificProcessRuleList.xml</file>
            <description>
                Returns only the headers that are returned by the getSpecificProcessRuleList operation.
            </description>
        </component>
        <component name="triggerProcessRules">
            <file>triggerProcessRules.xml</file>
            <description>
                Triggers all active workflow rules. All rules associated with the specified ID are evaluated,
                regardless of the evaluation criteria. All IDs must be for records on the same object.
            </description>
        </component>
    </subComponents>
</component>