<?xml version="1.0" encoding="UTF-8"?>
<!--
   Copyright (c) 2016, WSO2 Inc. (http://www.wso2.org) All Rights Reserved.

   WSO2 Inc. licenses this file to you under the Apache License,
   Version 2.0 (the "License"); you may not use this file except
   in compliance with the License.
   You may obtain a copy of the License at

   http://www.apache.org/licenses/LICENSE-2.0

   Unless required by applicable law or agreed to in writing,
   software distributed under the License is distributed on an
   "AS IS" BASIS, WITHOUT WARRANTIES OR CONDITIONS OF ANY
   KIND, either express or implied. See the License for the
   specific language governing permissions and limitations
   under the License.
-->
<component name="salesforcerest-appmenu" type="synapse/template">
    <subComponents>
        <component name="listItemsInMenu">
            <file>listItemsInMenu.xml</file>
            <description>Returns a list of items in either the Salesforce app drop-down menu or the
                Salesforce1 navigation menu.
            </description>
        </component>
        <component name="tabs">
            <file>tabs.xml</file>
            <description>Returns a list of all tabs.</description>
        </component>
        <component name="themes">
            <file>themes.xml</file>
            <description>Gets the list of icons and colors used by themes in the Salesforce
                application.
            </description>
        </component>
        <component name="listAppMenuTypes">
            <file>listAppMenuTypes.xml</file>
            <description>Retrieves a list of App Menu types in the Salesforce app dropdown menu.</description>
        </component>
        <component name="listAppMenuItems">
            <file>listAppMenuItems.xml</file>
            <description>Retrieves a list of the App Menu items in the Salesforce Lightning dropdown menu.</description>
        </component>
        <component name="listAppMenuMobileItems">
            <file>listAppMenuMobileItems.xml</file>
            <description>
                Retrieves a list of the App Menu items in the Salesforce mobile app for Android
                and iOS and the mobile web navigation menu.
            </description>
        </component>
        <component name="returnHeadersForAppMenuItems">
            <file>returnHeadersForAppMenuItems.xml</file>
            <description>Retrieves only the headers that are returned by the listAppMenuItems operation.</description>
        </component>
        <component name="returnHeadersForAppMenuMobileItems">
            <file>returnHeadersForAppMenuMobileItems.xml</file>
            <description>
                Retrieves only the headers that are returned by the listAppMenuMobileItems operation.
            </description>
        </component>
        <component name="returnHeadersForTabs">
            <file>returnHeadersForTabs.xml</file>
            <description>Retrieves only the headers that are returned by the tabs operation.</description>
        </component>
    </subComponents>
</component>
