<?xml version="1.0" encoding="UTF-8"?>
<!--
   Copyright (c) 2016, WSO2 Inc. (http://www.wso2.org) All Rights Reserved.

   WSO2 Inc. licenses this file to you under the Apache License,
   Version 2.0 (the "License"); you may not use this file except
   in compliance with the License.
   You may obtain a copy of the License at

   http://www.apache.org/licenses/LICENSE-2.0

   Unless required by applicable law or agreed to in writing,
   software distributed under the License is distributed on an
   "AS IS" BASIS, WITHOUT WARRANTIES OR CONDITIONS OF ANY
   KIND, either express or implied. See the License for the
   specific language governing permissions and limitations
   under the License.
-->
<component name="salesforcerest-layouts" type="synapse/template">
    <subComponents>
        <component name="sObjectLayouts">
            <file>sObjectLayouts.xml</file>
            <description>Returns a list of layouts and descriptions, including for actions for a
                specific object.
            </description>
        </component>
        <component name="compactLayouts">
            <file>compactLayouts.xml</file>
            <description>Returns a list of compact layouts for multiple objects.</description>
        </component>
        <component name="sObjectCompactLayouts">
            <file>sObjectCompactLayouts.xml</file>
            <description>Returns a list of compact layouts for a specific object.</description>
        </component>
        <component name="sObjectNamedLayouts">
            <file>sObjectNamedLayouts.xml</file>
            <description>Retrieves information about alternate named layouts for a given object.
            </description>
        </component>
        <component name="globalSObjectLayouts">
            <file>globalSObjectLayouts.xml</file>
            <description>To return descriptions of global publisher layouts.</description>
        </component>
        <component name="sObjectApprovalLayouts">
            <file>sObjectApprovalLayouts.xml</file>
            <description>Returns a list of approval layouts for a specified object</description>
        </component>
        <component name="sObjectApprovalLayoutsForSpecifiedApprovalProcess">
            <file>sObjectApprovalLayoutsForSpecifiedApprovalProcess.xml</file>
            <description>Returns an approval layout for a named approval process on a specified object.</description>
        </component>
        <component name="returnHeadersForSObjectApprovalLayouts">
            <file>returnHeadersForSObjectApprovalLayouts.xml</file>
            <description>Returns only the headers that are returned by the sObjectApprovalLayouts
                operation</description>
        </component>
        <component name="returnHeadersForSObjectApprovalLayoutsForSpecifiedApprovalProcess">
            <file>returnHeadersForSObjectApprovalLayoutsForSpecifiedApprovalProcess.xml</file>
            <description>Returns only the headers that are returned by the
                sObjectApprovalLayoutsForSpecifiedApprovalProcess operation
            </description>
        </component>
        <component name="returnHeadersForSObjectCompactLayouts">
            <file>returnHeadersForSObjectCompactLayouts.xml</file>
            <description>Returns only the headers that are returned by the sObjectCompactLayouts operation</description>
        </component>
        <component name="returnHeadersForSObjectLayouts">
            <file>returnHeadersForSObjectLayouts.xml</file>
            <description>Returns only the headers that are returned by the sObjectLayouts operation</description>
        </component>
        <component name="sObjectLayoutsForObjectWithMultipleRecordTypes">
            <file>sObjectLayoutsForObjectWithMultipleRecordTypes.xml</file>
            <description>
                Retrieves lists of page layouts and their descriptions for objects that have
                more than one record type defined.
            </description>
        </component>
        <component name="returnHeadersForSObjectLayoutsForObjectWithMultipleRecordTypes">
            <file>returnHeadersForSObjectLayoutsForObjectWithMultipleRecordTypes.xml</file>
            <description>
                Returns only the headers that are returned by the sObjectLayoutsForObjectWithMultipleRecordTypes
                operation
            </description>
        </component>
        <component name="returnHeadersForGlobalSObjectLayouts">
            <file>returnHeadersForGlobalSObjectLayouts.xml</file>
            <description>Returns only the headers that are returned by the globalSObjectLayouts operation</description>
        </component>
    </subComponents>
</component>