<?xml version="1.0" encoding="UTF-8"?>
<!--
   Copyright (c) 2023, WSO2 LLC (http://www.wso2.com) All Rights Reserved.

   WSO2 LLC licenses this file to you under the Apache License,
   Version 2.0 (the "License"); you may not use this file except
   in compliance with the License.
   You may obtain a copy of the License at

   http://www.apache.org/licenses/LICENSE-2.0

   Unless required by applicable law or agreed to in writing,
   software distributed under the License is distributed on an
   "AS IS" BASIS, WITHOUT WARRANTIES OR CONDITIONS OF ANY
   KIND, either express or implied. See the License for the
   specific language governing permissions and limitations
   under the License.
-->
<component name="salesforcerest-embeddedService" type="synapse/template">
    <subComponents>
        <component name="embeddedServiceConfig">
            <file>embeddedServiceConfig.xml</file>
            <description>Retrieves the values for your Embedded Service deployment configuration,
                including the branding colors, font, and site URL
            </description>
        </component>
        <component name="returnHeadersForEmbeddedServiceConfig">
            <file>returnHeadersForEmbeddedServiceConfig.xml</file>
            <description>
                Retrieves only the headers that are returned by the embeddedServiceConfig operation.
            </description>
        </component>
    </subComponents>
</component>
