<?xml version="1.0" encoding="UTF-8"?>
<!--
   Copyright (c) 2016, WSO2 Inc. (http://www.wso2.org) All Rights Reserved.

   WSO2 Inc. licenses this file to you under the Apache License,
   Version 2.0 (the "License"); you may not use this file except
   in compliance with the License.
   You may obtain a copy of the License at

   http://www.apache.org/licenses/LICENSE-2.0

   Unless required by applicable law or agreed to in writing,
   software distributed under the License is distributed on an
   "AS IS" BASIS, WITHOUT WARRANTIES OR CONDITIONS OF ANY
   KIND, either express or implied. See the License for the
   specific language governing permissions and limitations
   under the License.
-->
<component name="salesforcerest-action" type="synapse/template">
    <subComponents>
        <component name="getListOfAction">
            <file>getListOfAction.xml</file>
            <description>Retrieving a list of general action types for the current organization
            </description>
        </component>
        <component name="getSpecificListOfAction">
            <file>getSpecificListOfAction.xml</file>
            <description>Retrieving a list of standard actions for the current organization
            </description>
        </component>
        <component name="getAttributeOfSpecificAction">
            <file>getAttributeOfSpecificAction.xml</file>
            <description>Retrieving the details of a given attributes of a single standard action.
            </description>
        </component>
        <component name="returnHTTPHeadersForListOfAction">
            <file>returnHTTPHeadersForListOfAction.xml</file>
            <description>Retrieves only the headers that are returned by the getListOfAction operation</description>
        </component>
        <component name="returnHTTPHeadersForSpecificListOfAction">
            <file>returnHTTPHeadersForSpecificListOfAction.xml</file>
            <description>
                Retrieves only the headers that are returned by the getSpecificListOfAction operation
            </description>
        </component>
    </subComponents>
</component>
