<?xml version="1.0" encoding="UTF-8"?>
<!--
   Copyright (c) 2023, WSO2 LLC (http://www.wso2.com) All Rights Reserved.

   WSO2 LLC licenses this file to you under the Apache License,
   Version 2.0 (the "License"); you may not use this file except
   in compliance with the License.
   You may obtain a copy of the License at

   http://www.apache.org/licenses/LICENSE-2.0

   Unless required by applicable law or agreed to in writing,
   software distributed under the License is distributed on an
   "AS IS" BASIS, WITHOUT WARRANTIES OR CONDITIONS OF ANY
   KIND, either express or implied. See the License for the
   specific language governing permissions and limitations
   under the License.
-->
<component name="salesforcerest-portability" type="synapse/template">
    <subComponents>
        <component name="compileDataForPortabilityRequest">
            <file>compileDataForPortabilityRequest.xml</file>
            <description>
                Aggregates your data subject's personally identifiable information (PII) into one file and sends
                a response with a URL to download the file, a policy file ID, and information on the objects and fields
                you selected when creating the policy.
            </description>
        </component>
        <component name="statusOfPortabilityRequest">
            <file>statusOfPortabilityRequest.xml</file>
            <description>
                Retrieves the status of the request done by compileDataForPortabilityRequest operation.
            </description>
        </component>
    </subComponents>
</component>
