<?xml version="1.0" encoding="UTF-8"?>
<!--
   Copyright (c) 2016, WSO2 Inc. (http://www.wso2.org) All Rights Reserved.

   WSO2 Inc. licenses this file to you under the Apache License,
   Version 2.0 (the "License"); you may not use this file except
   in compliance with the License.
   You may obtain a copy of the License at

   http://www.apache.org/licenses/LICENSE-2.0

   Unless required by applicable law or agreed to in writing,
   software distributed under the License is distributed on an
   "AS IS" BASIS, WITHOUT WARRANTIES OR CONDITIONS OF ANY
   KIND, either express or implied. See the License for the
   specific language governing permissions and limitations
   under the License.
-->
<component name="salesforcerest-attachment" type="synapse/template">
    <subComponents>
        <component name="getBlobBodyForAttachmentRecord">
            <file>getBlobBodyForAttachmentRecord.xml</file>
            <description>Retrieving blob body for an Attachment record</description>
        </component>
        <component name="getBlobBodyForDocumentRecord">
            <file>getBlobBodyForDocumentRecord.xml</file>
            <description>Retrieving blob body for a Document record</description>
        </component>
        <component name="getBlobDataForSpecificObject">
            <file>getBlobDataForSpecificObject.xml</file>
            <description>
                Retrieves the specified blob field from an individual record and returns it as binary data
            </description>
        </component>
        <component name="getSObjectRichTextImage">
            <file>getSObjectRichTextImage.xml</file>
            <description>
                Retrieves the specified image data from a specific rich text area field in a given record
            </description>
        </component>
    </subComponents>
</component>
