<?xml version="1.0" encoding="UTF-8"?>
<!--
   Copyright (c) 2016, WSO2 Inc. (http://www.wso2.org) All Rights Reserved.

   WSO2 Inc. licenses this file to you under the Apache License,
   Version 2.0 (the "License"); you may not use this file except
   in compliance with the License.
   You may obtain a copy of the License at

   http://www.apache.org/licenses/LICENSE-2.0

   Unless required by applicable law or agreed to in writing,
   software distributed under the License is distributed on an
   "AS IS" BASIS, WITHOUT WARRANTIES OR CONDITIONS OF ANY
   KIND, either express or implied. See the License for the
   specific language governing permissions and limitations
   under the License.
-->
<component name="salesforcerest-eventMonitoring" type="synapse/template">
    <subComponents>
        <component name="describeEventMonitoring">
            <file>describeEventMonitoring.xml</file>
            <description>Use the SObject Describe resource to retrieve all metadata for an object,
                including information about fields, URLs, and child relationships.
            </description>
        </component>
        <component name="queryEventMonitoringData">
            <file>queryEventMonitoringData.xml</file>
            <description>Use the Query resource to retrieve field values from a record. Specify the
                fields you want to retrieve in the fields parameter and use the GET method of the
                resource.
            </description>
        </component>
        <component name="getEventMonitoringContentFromRecord">
            <file>getEventMonitoringContentFromRecord.xml</file>
            <description>Retrieves event monitoring content in binary format.</description>
        </component>
    </subComponents>
</component>