<?xml version="1.0" encoding="UTF-8"?>
<!--
   Copyright (c) 2016, WSO2 Inc. (http://www.wso2.org) All Rights Reserved.

   WSO2 Inc. licenses this file to you under the Apache License,
   Version 2.0 (the "License"); you may not use this file except
   in compliance with the License.
   You may obtain a copy of the License at

   http://www.apache.org/licenses/LICENSE-2.0

   Unless required by applicable law or agreed to in writing,
   software distributed under the License is distributed on an
   "AS IS" BASIS, WITHOUT WARRANTIES OR CONDITIONS OF ANY
   KIND, either express or implied. See the License for the
   specific language governing permissions and limitations
   under the License.
-->
<component name="salesforcerest-objects" type="synapse/template">
    <subComponents>
        <component name="describeGlobal">
            <file>describeGlobal.xml</file>
            <description>Lists the available objects and their metadata for your organization’s
                data
            </description>
        </component>
        <component name="describeSObject">
            <file>describeSObject.xml</file>
            <description>Completely describes the individual metadata at all levels for the
                specified object
            </description>
        </component>
        <component name="listResourcesByApiVersion">
            <file>listResourcesByApiVersion.xml</file>
            <description>Lists available resources for the specified API version</description>
        </component>
        <component name="sObjectBasicInfo">
            <file>sObjectBasicInfo.xml</file>
            <description>Describes the individual metadata for the specified object</description>
        </component>
        <component name="sObjectRows">
            <file>sObjectRows.xml</file>
            <description>Accesses records based on the specified object ID</description>
        </component>
        <component name="listAvailableApiVersion">
            <file>listAvailableApiVersion.xml</file>
            <description>List summary information about each REST API version currently available.
            </description>
        </component>
        <component name="sObjectPlatformAction">
            <file>sObjectPlatformAction.xml</file>
            <description>PlatformAction is a virtual read-only object that enables you to query for
                actions—such as standard and custom buttons, quick actions, and productivity
                actions—that should be displayed in a UI, given a user, a context, device format,
                and a record ID.
            </description>
        </component>
        <component name="listOrganizationLimits">
            <file>listOrganizationLimits.xml</file>
            <description>List the organization limits</description>
        </component>
        <component name="sObjectRowsByExternalId">
            <file>sObjectRowsByExternalId.xml</file>
            <description>SObject Rows by External ID resource to retrieve records with a specific
                external ID
            </description>
        </component>
        <component name="returnHeadersOfSObjectRowsByExternalId">
            <file>returnHeadersOfSObjectRowsByExternalId.xml</file>
            <description>
                Return headers that are returned by sending a GET request to the sObject Rows
                by External ID resource.
            </description>
        </component>
        <component name="viewRelevantItems">
            <file>viewRelevantItems.xml</file>
            <description>
                Retrieves the current user’s most relevant items that include up to 50 of the most recently viewed
                or updated records for each object in the user’s global search scope.
            </description>
        </component>
    </subComponents>
</component>
