<?xml version="1.0" encoding="UTF-8"?>
<!--
   Copyright (c) 2023, WSO2 LLC (http://www.wso2.com) All Rights Reserved.

   WSO2 LLC licenses this file to you under the Apache License,
   Version 2.0 (the "License"); you may not use this file except
   in compliance with the License.
   You may obtain a copy of the License at

   http://www.apache.org/licenses/LICENSE-2.0

   Unless required by applicable law or agreed to in writing,
   software distributed under the License is distributed on an
   "AS IS" BASIS, WITHOUT WARRANTIES OR CONDITIONS OF ANY
   KIND, either express or implied. See the License for the
   specific language governing permissions and limitations
   under the License.
-->
<template name="viewRelevantItems" xmlns="http://ws.apache.org/ns/synapse">
    <parameter name="lastUpdatedId" description="The last updated Id. It compares the entire current list of relevant items to a previous version, if available."/>
    <parameter name="sobjects" description="The name for one or more sObjects to scope the results to a particular object or set of objects."/>
    <parameter name="nameOfLastUpdatedIdParamPerSObject" description="The parameter name of the last updated id for a particular object in the format of sobject.lastUpdatedId. Ex: Account.lastUpdatedId"/>
    <parameter name="valueOfLastUpdatedIdParamPerSObject" description="The value of the last updated id for a particular object parameter."/>
    <sequence>
        <property name="queryParams" value=""/>
        <filter source="boolean($func:lastUpdatedId)" regex="true">
            <then>
                <property name="queryParams" expression="fn:concat($ctx:queryParams, '&amp;', 'lastUpdatedId=', $func:lastUpdatedId)"/>
            </then>
            <else/>
        </filter>
        <filter source="boolean($func:sobjects)" regex="true">
            <then>
                <property name="queryParams" expression="fn:concat($ctx:queryParams, '&amp;', 'sobjects=', $func:sobjects)"/>
            </then>
            <else/>
        </filter>
        <filter source="boolean($func:nameOfLastUpdatedIdParamPerSObject) and boolean($func:valueOfLastUpdatedIdParamPerSObject)" regex="true">
            <then>
                <property name="queryParams" expression="fn:concat($ctx:queryParams, '&amp;', $func:nameOfLastUpdatedIdParamPerSObject, '=', $func:valueOfLastUpdatedIdParamPerSObject)"/>
            </then>
            <else/>
        </filter>
        <filter source="boolean($ctx:queryParams)" regex="true">
            <then>
                <property name="uri.var.callEndpointUri" expression="fn:concat($ctx:uri.var.apiUrl, '/services/data/', $ctx:uri.var.apiVersion,'/sobjects/relevantItems?', fn:substring($ctx:queryParams, 2))"/>
            </then>
            <else>
                <property name="uri.var.callEndpointUri" expression="fn:concat($ctx:uri.var.apiUrl, '/services/data/', $ctx:uri.var.apiVersion,'/sobjects/relevantItems')"/>
            </else>
        </filter>
        <property name="httpMethod" value="get"/>
        <salesforcerest.callWithRetry/>
    </sequence>
</template>
